ID;Especie;Latitude;Longitude;Data;Geraci;Semana
1;Thalassarche chlororhynchos;-29,845083;-50,056884;16/08/2012;3;34
2;Thalassarche chlororhynchos;-29,563495;-49,892918;13/09/2012;NA;38
3;Thalassarche chlororhynchos;-30,131641;-50,184811;16/10/2012;3;43
4;Thalassarche chlororhynchos;-30,352738;-50,271151;06/11/2012;3;46
5;Thalassarche chlororhynchos;-29,426121;-49,791444;14/11/2012;3;47
6;Thalassarche chlororhynchos;-29,410185;-49,778342;14/11/2012;3;47
7;Thalassarche chlororhynchos;-30,121854;-50,181193;21/11/2012;NA;48
8;Thalassarche chlororhynchos;-30,121869;-50,181255;21/11/2012;NA;48
9;Thalassarche chlororhynchos;-30,208185;-50,214457;21/11/2012;4;48
10;Thalassarche chlororhynchos;-30,349511;-50,270457;21/11/2012;NA;48
11;Thalassarche chlororhynchos;-30,366575;-50,276803;21/11/2012;NA;48
12;Thalassarche chlororhynchos;-30,252809;-50,231808;04/12/2012;NA;50
13;Thalassarche chlororhynchos;-30,124515;-50,182387;16/05/2013;5;20
14;Thalassarche chlororhynchos;-30,31031;-50,25487;27/06/2013;NA;26
15;Thalassarche chlororhynchos;-30,358;-50,27361;27/06/2013;NA;26
16;Thalassarche chlororhynchos;-29,86935;-50,0689;01/08/2013;3;31
17;Thalassarche chlororhynchos;-30,123104;-50,181332;21/08/2013;4;34
18;Thalassarche chlororhynchos;-29,7066665;-49,9821141;29/08/2013;-;35
19;Thalassarche chlororhynchos;-30,2423962;-50,2270048;04/09/2013;5;36
20;Thalassarche chlororhynchos;-30,3188925;-50,257664;19/09/2013;4;38
21;Thalassarche chlororhynchos;-29,9366716;-50,100819;25/10/2013;3;43
22;Thalassarche chlororhynchos;-29,6348146;-49,9397705;25/10/2013;4;43
23;Thalassarche chlororhynchos;-30,1231041;-50,1813319;30/10/2013;3;44
24;Thalassarche chlororhynchos;-30,1572759;-50,1943869;30/10/2013;4;44
25;Thalassarche chlororhynchos;-30,1146648;-50,1781126;13/11/2013;4;46
26;Thalassarche chlororhynchos;-30,1572759;-50,1943869;13/11/2013;4;46
27;Thalassarche chlororhynchos;-30,1062352;-50,1746676;29/11/2013;4;48
28;Thalassarche chlororhynchos;-30,2933622;-50,2475854;29/11/2013;4;48
29;Thalassarche chlororhynchos;-30,3926151;-50,2850424;29/11/2013;4;48
30;Thalassarche chlororhynchos;-30,1062352;-50,1746676;12/12/2013;2;50
31;Thalassarche chlororhynchos;-30,1828012;-50,2040123;12/12/2013;4;50
32;Thalassarche chlororhynchos;-30,2593257;-50,2338767;12/12/2013;3;50
33;Thalassarche chlororhynchos;-30,2848559;-50,2441233;12/12/2013;3;50
34;Thalassarche chlororhynchos;-30,3357988;-50,2643966;12/12/2013;4;50
35;Thalassarche chlororhynchos;-29,5649839;-49,8933687;18/12/2013;4;51
36;Thalassarche chlororhynchos;-30,114665;-50,178113;07/05/2014;4;19
37;Thalassarche chlororhynchos;-30,148773;-50,190987;07/05/2014;4;19
38;Thalassarche chlororhynchos;-30,233955;-50,223488;07/05/2014;4;19
39;Thalassarche chlororhynchos;-30,284856;-50,244123;07/05/2014;3;19
40;Thalassarche chlororhynchos;-30,352738;-50,271151;07/05/2014;4;19
41;Thalassarche chlororhynchos;-29,903369;-50,084792;14/05/2014;5;20
42;Thalassarche chlororhynchos;-30,106235;-50,174668;21/05/2014;5;21
43;Thalassarche chlororhynchos;-30,233955;-50,223488;21/05/2014;5;21
44;Thalassarche chlororhynchos;-29,869974;-50,069223;28/05/2014;3;22
45;Thalassarche chlororhynchos;-30,259326;-50,233877;18/06/2014;5;25
46;Thalassarche chlororhynchos;-30,361215;-50,274403;18/06/2014;4;25
47;Thalassarche chlororhynchos;-30,131641;-50,184811;09/07/2014;4;28
48;Thalassarche chlororhynchos;-30,259326;-50,233877;22/07/2014;3;30
49;Thalassarche chlororhynchos;-30,174317;-50,200733;06/08/2014;4;32
50;Thalassarche chlororhynchos;-30,06372;-50,156973;20/08/2014;4;34
51;Thalassarche chlororhynchos;-30,06372;-50,156973;20/08/2014;4;34
52;Thalassarche chlororhynchos;-30,114665;-50,178113;20/08/2014;5;34
53;Thalassarche chlororhynchos;-29,895106;-50,080805;07/10/2014;4;41
54;Thalassarche chlororhynchos;-30,182801;-50,204012;13/10/2014;3;42
55;Thalassarche chlororhynchos;-30,165744;-50,197746;30/10/2014;4;44
56;Thalassarche chlororhynchos;-30,267865;-50,237134;30/10/2014;4;44
57;Thalassarche chlororhynchos;-29,953295;-50,108712;14/11/2014;5;46
58;Thalassarche chlororhynchos;-29,953295;-50,108712;14/11/2014;5;46
59;Thalassarche chlororhynchos;-30,094703;-50,170184;20/11/2014;3;47
60;Thalassarche chlororhynchos;-30,25086;-50,230429;01/12/2014;4;49
61;Thalassarche chlororhynchos;-30,106235;-50,174668;17/12/2014;3;51
62;Thalassarche chlororhynchos;-30,199875;-50,210583;17/12/2014;4;51
63;Thalassarche chlororhynchos;-30,029717;-50,14231;14/04/2015;3;16
64;Thalassarche chlororhynchos;-30,165744;-50,197746;14/04/2015;3;16
65;Thalassarche chlororhynchos;-30,199875;-50,210583;14/04/2015;3;16
66;Thalassarche chlororhynchos;-30,293362;-50,247585;14/04/2015;2;16
67;Thalassarche chlororhynchos;-30,335799;-50,264397;14/04/2015;4;16
68;Thalassarche chlororhynchos;-30,352738;-50,271151;14/04/2015;4;16
69;Thalassarche chlororhynchos;-30,361215;-50,274403;14/04/2015;4;16
70;Thalassarche chlororhynchos;-30,06372;-50,156973;29/04/2015;4;18
71;Thalassarche chlororhynchos;-30,097747;-50,171195;29/04/2015;3;18
72;Thalassarche chlororhynchos;-30,097747;-50,171195;29/04/2015;3;18
73;Thalassarche chlororhynchos;-30,293362;-50,247585;29/04/2015;4;18
74;Thalassarche chlororhynchos;-30,361215;-50,274403;29/04/2015;3;18
75;Thalassarche chlororhynchos;-30,392615;-50,285042;29/04/2015;3;18
76;Thalassarche chlororhynchos;-30,123104;-50,181332;12/05/2015;4;20
77;Thalassarche chlororhynchos;-30,157276;-50,194387;12/05/2015;3;20
78;Thalassarche chlororhynchos;-30,199875;-50,210583;12/05/2015;2;20
79;Thalassarche chlororhynchos;-30,208346;-50,213969;12/05/2015;4;20
80;Thalassarche chlororhynchos;-30,216904;-50,217088;12/05/2015;4;20
81;Thalassarche chlororhynchos;-30,233955;-50,223488;12/05/2015;4;20
82;Thalassarche chlororhynchos;-30,276352;-50,240708;12/05/2015;4;20
83;Thalassarche chlororhynchos;-30,276352;-50,240708;12/05/2015;4;20
84;Thalassarche chlororhynchos;-30,284856;-50,244123;12/05/2015;4;20
85;Thalassarche chlororhynchos;-30,318893;-50,257664;12/05/2015;4;20
86;Thalassarche chlororhynchos;-30,335799;-50,264397;12/05/2015;2;20
87;Thalassarche chlororhynchos;-30,352738;-50,271151;12/05/2015;3;20
88;Thalassarche chlororhynchos;-30,36986;-50,277441;12/05/2015;3;20
89;Thalassarche chlororhynchos;-30,386976;-50,283591;12/05/2015;3;20
90;Thalassarche chlororhynchos;-30,392615;-50,285042;12/05/2015;4;20
91;Thalassarche chlororhynchos;-30,208346;-50,213969;12/05/2015;4;20
92;Thalassarche chlororhynchos;-30,361215;-50,274403;12/05/2015;3;20
93;Thalassarche chlororhynchos;-29,88676;-50,076761;22/05/2015;4;21
94;Thalassarche chlororhynchos;-29,836767;-50,052682;22/05/2015;4;21
95;Thalassarche chlororhynchos;-30,06372;-50,156973;01/06/2015;4;23
96;Thalassarche chlororhynchos;-30,072144;-50,160791;01/06/2015;4;23
97;Thalassarche chlororhynchos;-30,072144;-50,160791;01/06/2015;4;23
98;Thalassarche chlororhynchos;-30,097747;-50,171195;01/06/2015;4;23
99;Thalassarche chlororhynchos;-30,097747;-50,171195;01/06/2015;4;23
100;Thalassarche chlororhynchos;-30,106235;-50,174668;01/06/2015;4;23
101;Thalassarche chlororhynchos;-30,106235;-50,174668;01/06/2015;4;23
102;Thalassarche chlororhynchos;-30,123104;-50,181332;01/06/2015;4;23
103;Thalassarche chlororhynchos;-30,123104;-50,181332;01/06/2015;4;23
104;Thalassarche chlororhynchos;-30,140126;-50,187854;01/06/2015;3;23
105;Thalassarche chlororhynchos;-30,157276;-50,194387;01/06/2015;4;23
106;Thalassarche chlororhynchos;-30,199875;-50,210583;01/06/2015;4;23
107;Thalassarche chlororhynchos;-30,310332;-50,254501;01/06/2015;4;23
108;Thalassarche chlororhynchos;-30,386976;-50,283591;01/06/2015;4;23
109;Thalassarche chlororhynchos;-30,267865;-50,237134;08/06/2015;3;24
110;Thalassarche chlororhynchos;-30,114665;-50,178113;21/08/2015;4;34
111;Thalassarche chlororhynchos;-30,276352;-50,240708;21/08/2015;4;34
112;Thalassarche chlororhynchos;-30,335799;-50,264397;21/08/2015;4;34
113;Thalassarche chlororhynchos;-30,106235;-50,174668;18/11/2015;4;47
114;Thalassarche chlororhynchos;-30,182801;-50,204012;18/11/2015;3;47
115;Thalassarche chlororhynchos;-29,928382;-50,096766;09/12/2015;5;50
116;Thalassarche chlororhynchos;-29,88676;-50,076761;09/12/2015;4;50
117;Thalassarche chlororhynchos;-29,88676;-50,076761;09/12/2015;4;50
118;Thalassarche chlororhynchos;-29,869974;-50,069223;09/12/2015;4;50
119;Thalassarche chlororhynchos;-29,861733;-50,065134;09/12/2015;4;50
120;Thalassarche chlororhynchos;-29,845083;-50,056884;09/12/2015;4;50
121;Thalassarche chlororhynchos;-29,845083;-50,056884;09/12/2015;4;50
122;Thalassarche chlororhynchos;-29,65051;-49,949615;09/12/2015;3;50
123;Thalassarche chlororhynchos;-29,65051;-49,949615;09/12/2015;4;50
124;Thalassarche chlororhynchos;-30,038236;-50,146054;14/12/2015;4;51
125;Thalassarche chlororhynchos;-30,055142;-50,153368;14/12/2015;5;51
126;Thalassarche chlororhynchos;-30,089285;-50,167538;14/12/2015;4;51
127;Thalassarche chlororhynchos;-30,089285;-50,167538;14/12/2015;4;51
128;Thalassarche chlororhynchos;-30,106235;-50,174668;14/12/2015;3;51
129;Thalassarche chlororhynchos;-30,276352;-50,240708;14/12/2015;4;51
130;Thalassarche chlororhynchos;-30,284856;-50,244123;14/12/2015;3;51
131;Thalassarche chlororhynchos;-30,392615;-50,285042;14/12/2015;4;51
132;Thalassarche chlororhynchos;-30,202735;-50,21216;31/03/2016;4;14
133;Thalassarche chlororhynchos;-30,169133;-50,199071;31/03/2016;5;14
134;Thalassarche chlororhynchos;-30,12736;-50,183232;31/03/2016;4;14
135;Thalassarche chlororhynchos;-30,109771;-50,176381;31/03/2016;4;14
136;Thalassarche chlororhynchos;-29,847331;-50,05827;07/04/2016;5;15
137;Thalassarche chlororhynchos;-29,800736;-50,033533;07/04/2016;5;15
138;Thalassarche chlororhynchos;-30,359058;-50,273788;15/04/2016;4;16
139;Thalassarche chlororhynchos;-30,33714;-50,265228;15/04/2016;3;16
140;Thalassarche chlororhynchos;-30,286503;-50,244998;15/04/2016;4;16
141;Thalassarche chlororhynchos;-30,274249;-50,24016;15/04/2016;4;16
142;Thalassarche chlororhynchos;-30,274228;-50,240135;15/04/2016;5;16
143;Thalassarche chlororhynchos;-30,270478;-50,238838;15/04/2016;3;16
144;Thalassarche chlororhynchos;-30,255803;-50,232716;15/04/2016;4;16
145;Thalassarche chlororhynchos;-30,227789;-50,221508;15/04/2016;3;16
146;Thalassarche chlororhynchos;-30,21708;-50,217582;15/04/2016;4;16
147;Thalassarche chlororhynchos;-30,211721;-50,215574;15/04/2016;3;16
148;Thalassarche chlororhynchos;-30,185237;-50,205387;15/04/2016;3;16
149;Thalassarche chlororhynchos;-30,135562;-50,186418;15/04/2016;4;16
150;Thalassarche chlororhynchos;-30,133603;-50,185605;15/04/2016;4;16
151;Thalassarche chlororhynchos;-30,130625;-50,184499;15/04/2016;4;16
152;Thalassarche chlororhynchos;-30,128567;-50,183456;15/04/2016;1;16
153;Thalassarche chlororhynchos;-30,126133;-50,18269;15/04/2016;4;16
154;Thalassarche chlororhynchos;-30,126114;-50,182691;15/04/2016;4;16
155;Thalassarche chlororhynchos;-30,079364;-50,163811;15/04/2016;3;16
156;Thalassarche chlororhynchos;-30,046239;-50,149675;15/04/2016;4;16
157;Thalassarche chlororhynchos;-30,038604;-50,146534;15/04/2016;4;16
158;Thalassarche chlororhynchos;-30,027678;-50,141597;15/04/2016;4;16
159;Thalassarche chlororhynchos;-29,909398;-50,088232;20/04/2016;4;17
160;Thalassarche chlororhynchos;-29,893736;-50,080979;20/04/2016;4;17
161;Thalassarche chlororhynchos;-29,886083;-50,077002;20/04/2016;5;17
162;Thalassarche chlororhynchos;-29,875517;-50,071942;20/04/2016;4;17
163;Thalassarche chlororhynchos;-29,875233;-50,071736;20/04/2016;4;17
164;Thalassarche chlororhynchos;-29,859997;-50,064429;20/04/2016;5;17
165;Thalassarche chlororhynchos;-29,837309;-50,052897;20/04/2016;4;17
166;Thalassarche chlororhynchos;-29,757526;-50,010755;20/04/2016;4;17
167;Thalassarche chlororhynchos;-30,139991;-50,188438;20/05/2016;3;21
168;Thalassarche chlororhynchos;-29,932949;-50,099031;01/07/2016;3;27
169;Thalassarche chlororhynchos;-29,539627;-49,875609;01/07/2016;5;27
170;Thalassarche chlororhynchos;-30,234559;-50,224394;14/10/2016;4;42
171;Thalassarche chlororhynchos;-29,413705;-49,780946;21/10/2016;4;43
172;Thalassarche chlororhynchos;-29,400215;-49,770201;21/10/2016;4;43
173;Thalassarche chlororhynchos;-29,884436;-50,076186;25/11/2016;3;48
174;Thalassarche chlororhynchos;-29,864592;-50,066686;25/11/2016;4;48
175;Thalassarche chlororhynchos;-29,84129;-50,055168;25/11/2016;2;48
176;Thalassarche chlororhynchos;-29,603147;-49,920335;25/11/2016;4;48
177;Thalassarche chlororhynchos;-30,061015;-50,156328;06/12/2016;3;50
178;Thalassarche chlororhynchos;-30,096024;-50,171068;06/12/2016;4;50
179;Thalassarche chlororhynchos;-30,104528;-50,174549;06/12/2016;3;50
180;Thalassarche chlororhynchos;-30,203506;-50,212872;06/12/2016;4;50
181;Thalassarche chlororhynchos;-30,046612;-50,150007;16/12/2016;3;51
182;Thalassarche chlororhynchos;-30,356772;-50,273078;16/12/2016;4;51
183;Thalassarche chlororhynchos;-29,948588;-50,106822;21/12/2016;4;52
184;Thalassarche chlororhynchos;-29,463264;-49,819806;21/12/2016;4;52
185;Thalassarche chlororhynchos;-29,595462;-49,915419;12/01/2017;2;3
186;Thalassarche chlororhynchos;-30,096545;-50,171064;18/01/2017;5;4
187;Thalassarche chlororhynchos;-29,624483;-49,934164;26/01/2017;4;5
188;Thalassarche chlororhynchos;-29,635472;-49,941126;09/02/2017;4;7
189;Thalassarche chlororhynchos;-29,806409;-50,036333;08/03/2017;3;11
190;Thalassarche chlororhynchos;-30,023253;-50,14003;15/03/2017;4;12
191;Thalassarche chlororhynchos;-30,142108;-50,189053;15/03/2017;5;12
192;Thalassarche chlororhynchos;-30,3869764;-50,28359076;15/03/2017;5;12
193;Thalassarche chlororhynchos;-29,916554;-50,091688;23/03/2017;4;13
194;Thalassarche chlororhynchos;-29,821497;-50,044673;23/03/2017;5;13
195;Thalassarche chlororhynchos;-29,760976;-50,012752;23/03/2017;3;13
196;Thalassarche chlororhynchos;-29,6307069;-49,93814536;23/03/2017;4;13
197;Thalassarche chlororhynchos;-29,45671225;-49,8147324;23/03/2017;5;13
198;Thalassarche chlororhynchos;-29,3867366;-49,75923079;23/03/2017;4;13
199;Thalassarche chlororhynchos;-30,050599;-50,151654;30/03/2017;4;14
200;Thalassarche chlororhynchos;-30,052048;-50,152197;30/03/2017;4;14
201;Thalassarche chlororhynchos;-30,093396;-50,169547;30/03/2017;4;14
202;Thalassarche chlororhynchos;-30,105941;-50,174595;30/03/2017;5;14
203;Thalassarche chlororhynchos;-30,108266;-50,176013;30/03/2017;4;14
204;Thalassarche chlororhynchos;-30,110417;-50,176877;30/03/2017;4;14
205;Thalassarche chlororhynchos;-30,144576;-50,189676;30/03/2017;5;14
206;Thalassarche chlororhynchos;-30,145979;-50,189927;30/03/2017;4;14
207;Thalassarche chlororhynchos;-30,150218;-50,191664;30/03/2017;4;14
208;Thalassarche chlororhynchos;-30,152927;-50,192852;30/03/2017;4;14
209;Thalassarche chlororhynchos;-30,155537;-50,194004;30/03/2017;4;14
210;Thalassarche chlororhynchos;-30,16754;-50,198716;30/03/2017;4;14
211;Thalassarche chlororhynchos;-30,182814;-50,204584;30/03/2017;4;14
212;Thalassarche chlororhynchos;-30,184825;-50,205234;30/03/2017;4;14
213;Thalassarche chlororhynchos;-30,240997;-50,22685;30/03/2017;4;14
214;Thalassarche chlororhynchos;-30,31816;-50,257793;30/03/2017;4;14
215;Thalassarche chlororhynchos;-30,323419;-50,259779;30/03/2017;4;14
216;Thalassarche chlororhynchos;-30,33611;-50,265083;30/03/2017;5;14
217;Thalassarche chlororhynchos;-29,8561;-50,062558;06/04/2017;5;15
218;Thalassarche chlororhynchos;-29,797708;-50,031849;06/04/2017;4;15
219;Thalassarche chlororhynchos;-29,465146;-49,820894;06/04/2017;5;15
220;Thalassarche chlororhynchos;-30,07217;-50,161052;27/04/2017;4;18
221;Thalassarche chlororhynchos;-30,173399;-50,201006;27/04/2017;4;18
222;Thalassarche chlororhynchos;-30,309683;-50,254547;09/05/2017;4;20
223;Thalassarche chlororhynchos;-30,311035;-50,255169;09/05/2017;4;20
224;Thalassarche chlororhynchos;-30,348035;-50,269703;09/05/2017;2;20
225;Thalassarche chlororhynchos;-30,386219;-50,283323;09/05/2017;3;20
226;Thalassarche chlororhynchos;-30,396012;-50,286816;09/05/2017;3;20
227;Thalassarche chlororhynchos;-30,02169;-50,13913;24/05/2017;4;22
228;Thalassarche chlororhynchos;-30,23426;-50,2243;24/05/2017;4;22
229;Thalassarche chlororhynchos;-30,26078;-50,235;24/05/2017;4;22
230;Thalassarche chlororhynchos;-29,733083;-49,997431;02/06/2017;4;23
231;Thalassarche chlororhynchos;-29,684065;-49,969835;02/06/2017;4;23
232;Thalassarche chlororhynchos;-29,675343;-49,964825;02/06/2017;3;23
233;Thalassarche chlororhynchos;-30,032152;-50,143586;07/06/2017;4;24
234;Thalassarche chlororhynchos;-30,066589;-50,15873;07/06/2017;4;24
235;Thalassarche chlororhynchos;-30,07005;-50,160243;07/06/2017;4;24
236;Thalassarche chlororhynchos;-30,094391;-50,171489;07/06/2017;5;24
237;Thalassarche chlororhynchos;-30,095857;-50,170754;07/06/2017;4;24
238;Thalassarche chlororhynchos;-30,137853;-50,187491;07/06/2017;4;24
239;Thalassarche chlororhynchos;-30,143869;-50,189328;07/06/2017;4;24
240;Thalassarche chlororhynchos;-30,144663;-50,189517;07/06/2017;4;24
241;Thalassarche chlororhynchos;-30,219928;-50,21872;07/06/2017;4;24
242;Thalassarche chlororhynchos;-30,326004;-50,261158;07/06/2017;4;24
243;Thalassarche chlororhynchos;-29,762655;-50,013799;14/06/2017;4;25
244;Thalassarche chlororhynchos;-29,755193;-50,009609;14/06/2017;5;25
245;Thalassarche chlororhynchos;-30,255146;-50,232753;22/06/2017;5;26
246;Thalassarche chlororhynchos;-30,200261;-50,211314;06/07/2017;4;28
247;Thalassarche chlororhynchos;-30,293167;-50,24779;02/08/2017;5;32
248;Thalassarche chlororhynchos;-30,362289;-50,274855;02/08/2017;3;32
249;Thalassarche chlororhynchos;-29,927478;-50,096502;07/08/2017;4;33
250;Thalassarche chlororhynchos;-29,644489;-49,947084;07/08/2017;3;33
251;Thalassarche chlororhynchos;-29,657519;-49,954373;23/08/2017;4;35
252;Thalassarche chlororhynchos;-29,774654;-50,019785;08/09/2017;4;37
253;Thalassarche chlororhynchos;-29,919642;-50,092837;21/09/2017;4;39
254;Thalassarche chlororhynchos;-29,918581;-50,092542;21/09/2017;3;39
255;Thalassarche chlororhynchos;-29,795113;-50,030637;21/09/2017;4;39
256;Thalassarche chlororhynchos;-29,988234;-50,124122;27/09/2017;4;40
257;Thalassarche chlororhynchos;-30,005238;-50,131169;27/09/2017;4;40
258;Thalassarche chlororhynchos;-30,017375;-50,137363;27/09/2017;4;40
259;Thalassarche chlororhynchos;-30,071289;-50,160613;27/09/2017;4;40
260;Thalassarche chlororhynchos;-30,077324;-50,163439;27/09/2017;4;40
261;Thalassarche chlororhynchos;-30,150308;-50,191588;27/09/2017;5;40
262;Thalassarche chlororhynchos;-30,151427;-50,192136;27/09/2017;5;40
263;Thalassarche chlororhynchos;-30,152451;-50,192505;27/09/2017;4;40
264;Thalassarche chlororhynchos;-30,157609;-50,194556;27/09/2017;4;40
265;Thalassarche chlororhynchos;-30,162907;-50,196934;27/09/2017;4;40
266;Thalassarche chlororhynchos;-30,196285;-50,2097;27/09/2017;4;40
267;Thalassarche chlororhynchos;-30,213701;-50,216405;27/09/2017;4;40
268;Thalassarche chlororhynchos;-30,227021;-50,221526;27/09/2017;3;40
269;Thalassarche chlororhynchos;-30,230463;-50,222726;27/09/2017;4;40
270;Thalassarche chlororhynchos;-30,251366;-50,231325;27/09/2017;4;40
271;Thalassarche chlororhynchos;-30,267359;-50,237141;27/09/2017;5;40
272;Thalassarche chlororhynchos;-30,275426;-50,24066;27/09/2017;4;40
273;Thalassarche chlororhynchos;-30,318695;-50,258115;27/09/2017;4;40
274;Thalassarche chlororhynchos;-30,325054;-50,260604;27/09/2017;4;40
275;Thalassarche chlororhynchos;-29,938303;-50,101903;05/10/2017;3;41
276;Thalassarche chlororhynchos;-29,777231;-50,021114;05/10/2017;5;41
277;Thalassarche chlororhynchos;-30,010455;-50,133953;16/10/2017;4;43
278;Thalassarche chlororhynchos;-30,011051;-50,134364;16/10/2017;4;43
279;Thalassarche chlororhynchos;-30,097644;-50,17137;16/10/2017;4;43
280;Thalassarche chlororhynchos;-30,104647;-50,174224;16/10/2017;4;43
281;Thalassarche chlororhynchos;-30,11169;-50,177067;16/10/2017;4;43
282;Thalassarche chlororhynchos;-30,143258;-50,189142;16/10/2017;4;43
283;Thalassarche chlororhynchos;-30,149218;-50,191127;16/10/2017;4;43
284;Thalassarche chlororhynchos;-30,150242;-50,19171;16/10/2017;4;43
285;Thalassarche chlororhynchos;-30,152286;-50,192623;16/10/2017;4;43
286;Thalassarche chlororhynchos;-30,189313;-50,207143;16/10/2017;4;43
287;Thalassarche chlororhynchos;-30,222488;-50,2197;16/10/2017;4;43
288;Thalassarche chlororhynchos;-30,246304;-50,22901;16/10/2017;4;43
289;Thalassarche chlororhynchos;-30,262643;-50,235352;16/10/2017;2;43
290;Thalassarche chlororhynchos;-30,281302;-50,243042;16/10/2017;4;43
291;Thalassarche chlororhynchos;-30,301975;-50,251322;16/10/2017;4;43
292;Thalassarche chlororhynchos;-30,319364;-50,258448;16/10/2017;4;43
293;Thalassarche chlororhynchos;-30,35182;-50,271215;16/10/2017;4;43
294;Thalassarche chlororhynchos;-30,352201;-50,271459;16/10/2017;4;43
295;Thalassarche chlororhynchos;-30,379777;-50,281222;16/10/2017;4;43
296;Thalassarche chlororhynchos;-30,395242;-50,286476;16/10/2017;4;43
297;Thalassarche chlororhynchos;-30,152913;-50,19331;01/11/2017;5;45
298;Thalassarche chlororhynchos;-29,96809;-50,114986;07/11/2017;4;46
299;Thalassarche chlororhynchos;-29,807499;-50,036819;07/11/2017;4;46
300;Thalassarche chlororhynchos;-29,710027;-49,984626;07/11/2017;4;46
301;Thalassarche chlororhynchos;-29,542293;-49,877754;07/11/2017;4;46
302;Thalassarche chlororhynchos;-29,531767;-49,870172;07/11/2017;4;46
303;Thalassarche chlororhynchos;-30,040935;-50,147746;16/11/2017;4;47
304;Thalassarche chlororhynchos;-30,049492;-50,151765;16/11/2017;4;47
305;Thalassarche chlororhynchos;-30,065635;-50,158218;16/11/2017;2;47
306;Thalassarche chlororhynchos;-29,870334;-50,069558;23/11/2017;3;48
307;Thalassarche chlororhynchos;-29,68096;-49,968365;23/11/2017;4;48
308;Thalassarche chlororhynchos;-30,023663;-50,140036;30/11/2017;3;49
309;Thalassarche chlororhynchos;-30,041133;-50,147642;30/11/2017;4;49
310;Thalassarche chlororhynchos;-30,080984;-50,164754;30/11/2017;4;49
311;Thalassarche chlororhynchos;-30,103247;-50,173805;30/11/2017;1;49
312;Thalassarche chlororhynchos;-30,151624;-50,192402;30/11/2017;3;49
313;Thalassarche chlororhynchos;-30,15782;-50,195055;30/11/2017;4;49
314;Thalassarche chlororhynchos;-30,167316;-50,198604;30/11/2017;3;49
315;Thalassarche chlororhynchos;-29,935063;-50,100172;06/12/2017;4;50
316;Thalassarche chlororhynchos;-29,912376;-50,089372;06/12/2017;4;50
317;Thalassarche chlororhynchos;-29,90503;-50,086052;06/12/2017;4;50
318;Thalassarche chlororhynchos;-29,795744;-50,030741;06/12/2017;4;50
319;Thalassarche chlororhynchos;-29,793407;-50,029531;06/12/2017;4;50
320;Thalassarche chlororhynchos;-29,773023;-50,019102;06/12/2017;4;50
321;Thalassarche chlororhynchos;-29,729914;-49,995856;06/12/2017;4;50
322;Thalassarche chlororhynchos;-29,604642;-49,921502;06/12/2017;4;50
323;Thalassarche chlororhynchos;-29,602923;-49,920379;06/12/2017;4;50
324;Thalassarche chlororhynchos;-29,568776;-49,896949;06/12/2017;4;50
325;Thalassarche chlororhynchos;-29,516199;-49,858906;06/12/2017;4;50
326;Thalassarche chlororhynchos;-30,074355;-50,161866;13/12/2017;5;51
327;Thalassarche chlororhynchos;-30,128886;-50,183936;13/12/2017;5;51
328;Thalassarche chlororhynchos;-30,29472;-50,248729;13/12/2017;4;51
329;Thalassarche chlororhynchos;-29,915218;-50,090624;21/12/2017;3;52
330;Thalassarche chlororhynchos;-29,866517;-50,067752;21/12/2017;5;52
331;Thalassarche chlororhynchos;-30,381109;-50,281488;04/01/2018;3;1
332;Thalassarche chlororhynchos;-30,395176;-50,286305;04/01/2018;4;1
333;Thalassarche chlororhynchos;-29,51373;-49,85678;11/01/2018;4;2
334;Thalassarche chlororhynchos;-30,069843;-50,159789;17/01/2018;3;3
335;Thalassarche chlororhynchos;-29,988565;-50,124465;31/01/2018;4;5
336;Thalassarche chlororhynchos;-30,387252;-50,283655;01/03/2018;4;9
337;Thalassarche chlororhynchos;-29,750785;-50,007322;22/03/2018;4;12
338;Thalassarche chlororhynchos;-30,152445;-50,192428;12/04/2018;3;15
339;Thalassarche chlororhynchos;-30,211744;-50,215546;12/04/2018;4;15
340;Thalassarche chlororhynchos;-29,431124;-49,794642;18/04/2018;4;16
341;Thalassarche chlororhynchos;-30,070168;-50,160101;25/04/2018;4;17
342;Thalassarche chlororhynchos;-30,3002;-50,250696;25/04/2018;4;17
343;Thalassarche chlororhynchos;-29,996226;-50,127656;10/05/2018;2;19
344;Thalassarche chlororhynchos;-29,996223;-50,12762;10/05/2018;3;19
345;Thalassarche chlororhynchos;-30,024177;-50,140034;10/05/2018;4;19
346;Thalassarche chlororhynchos;-30,034855;-50,144653;10/05/2018;4;19
347;Thalassarche chlororhynchos;-30,094662;-50,170033;10/05/2018;4;19
348;Thalassarche chlororhynchos;-30,09885;-50,171824;10/05/2018;4;19
349;Thalassarche chlororhynchos;-30,106357;-50,174764;10/05/2018;4;19
350;Thalassarche chlororhynchos;-30,143029;-50,188888;10/05/2018;4;19
351;Thalassarche chlororhynchos;-30,164837;-50,197474;10/05/2018;4;19
352;Thalassarche chlororhynchos;-30,187702;-50,206196;10/05/2018;3;19
353;Thalassarche chlororhynchos;-30,243289;-50,227645;10/05/2018;3;19
354;Thalassarche chlororhynchos;-30,279062;-50,241914;10/05/2018;4;19
355;Thalassarche chlororhynchos;-30,304167;-50,252088;10/05/2018;4;19
356;Thalassarche chlororhynchos;-30,309607;-50,254442;10/05/2018;4;19
357;Thalassarche chlororhynchos;-30,359586;-50,273929;10/05/2018;4;19
358;Thalassarche chlororhynchos;-30,379734;-50,281146;10/05/2018;3;19
359;Thalassarche chlororhynchos;-30,383787;-50,282511;10/05/2018;4;19
360;Thalassarche chlororhynchos;-29,730472;-49,996261;17/05/2018;4;20
361;Thalassarche chlororhynchos;-29,598063;-49,917334;17/05/2018;5;20
362;Thalassarche chlororhynchos;-30,107983;-50,176099;22/05/2018;4;21
363;Thalassarche chlororhynchos;-30,23595;-50,225144;22/05/2018;4;21
364;Thalassarche chlororhynchos;-30,077623;-50,16354;14/06/2018;5;24
365;Thalassarche chlororhynchos;-30,157303;-50,194956;19/07/2018;2;29
366;Thalassarche chlororhynchos;-30,160675;-50,196269;02/08/2018;5;31
367;Thalassarche chlororhynchos;-30,135648;-50,186414;13/09/2018;4;37
368;Thalassarche chlororhynchos;-30,265883;-50,236604;13/09/2018;4;37
369;Thalassarche chlororhynchos;-30,007512;-50,132151;04/10/2018;4;40
370;Thalassarche chlororhynchos;-30,045386;-50,149284;04/10/2018;3;40
371;Thalassarche chlororhynchos;-30,051134;-50,151738;04/10/2018;3;40
372;Thalassarche chlororhynchos;-30,108467;-50,175921;04/10/2018;4;40
373;Thalassarche chlororhynchos;-30,123774;-50,181918;04/10/2018;4;40
374;Thalassarche chlororhynchos;-30,125987;-50,1829;04/10/2018;3;40
375;Thalassarche chlororhynchos;-30,315657;-50,256917;04/10/2018;4;40
376;Thalassarche chlororhynchos;-29,594088;-49,914316;11/10/2018;3;41
377;Thalassarche chlororhynchos;-29,424941;-49,78967;11/10/2018;3;41
378;Thalassarche chlororhynchos;-30,071817;-50,160995;17/10/2018;4;42
379;Thalassarche chlororhynchos;-30,108183;-50,176023;17/10/2018;4;42
380;Thalassarche chlororhynchos;-30,123517;-50,182066;17/10/2018;5;42
381;Thalassarche chlororhynchos;-30,125747;-50,182998;17/10/2018;5;42
382;Thalassarche chlororhynchos;-30,172934;-50,200463;17/10/2018;4;42
383;Thalassarche chlororhynchos;-29,937626;-50,101327;25/10/2018;4;43
384;Thalassarche chlororhynchos;-29,935657;-50,100427;25/10/2018;4;43
385;Thalassarche chlororhynchos;-29,924805;-50,095275;25/10/2018;3;43
386;Thalassarche chlororhynchos;-29,919054;-50,092479;25/10/2018;4;43
387;Thalassarche chlororhynchos;-29,857652;-50,063258;25/10/2018;4;43
388;Thalassarche chlororhynchos;-29,840652;-50,054653;25/10/2018;3;43
389;Thalassarche chlororhynchos;-29,826344;-50,047072;25/10/2018;3;43
390;Thalassarche chlororhynchos;-29,815685;-50,041497;25/10/2018;4;43
391;Thalassarche chlororhynchos;-29,724707;-49,992598;25/10/2018;3;43
392;Thalassarche chlororhynchos;-29,679963;-49,967447;25/10/2018;4;43
393;Thalassarche chlororhynchos;-30,020223;-50,138242;08/11/2018;3;45
394;Thalassarche chlororhynchos;-30,068321;-50,159066;08/11/2018;4;45
395;Thalassarche chlororhynchos;-30,125517;-50,182454;08/11/2018;4;45
396;Thalassarche chlororhynchos;-30,149589;-50,191791;08/11/2018;4;45
397;Thalassarche chlororhynchos;-30,165906;-50,197943;08/11/2018;3;45
398;Thalassarche chlororhynchos;-30,188368;-50,206966;08/11/2018;3;45
399;Thalassarche chlororhynchos;-30,191415;-50,207746;08/11/2018;3;45
400;Thalassarche chlororhynchos;-30,254581;-50,23258;08/11/2018;4;45
401;Thalassarche chlororhynchos;-30,285696;-50,245131;08/11/2018;5;45
402;Thalassarche chlororhynchos;-30,37104;-50,278526;08/11/2018;4;45
403;Thalassarche chlororhynchos;-30,387594;-50,28374;08/11/2018;3;45
404;Thalassarche chlororhynchos;-30,39013;-50,284561;08/11/2018;4;45
405;Thalassarche chlororhynchos;-29,945231;-50,104861;16/11/2018;5;46
406;Thalassarche chlororhynchos;-29,88115;-50,074553;16/11/2018;4;46
407;Thalassarche chlororhynchos;-29,821051;-50,044144;16/11/2018;4;46
408;Thalassarche chlororhynchos;-29,54102;-49,876406;16/11/2018;5;46
409;Thalassarche chlororhynchos;-30,123119;-50,181813;22/11/2018;5;47
410;Thalassarche chlororhynchos;-30,297822;-50,249848;22/11/2018;3;47
411;Thalassarche chlororhynchos;-30,358168;-50,273522;22/11/2018;4;47
412;Thalassarche chlororhynchos;-30,373992;-50,27934;22/11/2018;4;47
413;Thalassarche chlororhynchos;-30,390414;-50,28495;22/11/2018;4;47
414;Thalassarche chlororhynchos;-29,938322;-50,10176;30/11/2018;3;48
415;Thalassarche chlororhynchos;-29,863107;-50,065885;30/11/2018;3;48
416;Thalassarche chlororhynchos;-30,228462;-50,222124;06/12/2018;4;49
417;Thalassarche chlororhynchos;-30,299946;-50,250754;06/12/2018;4;49
418;Thalassarche chlororhynchos;-30,350528;-50,270735;06/12/2018;4;49
419;Thalassarche chlororhynchos;-30,371069;-50,278567;06/12/2018;5;49
420;Thalassarche chlororhynchos;-30,09709;-50,17079;20/12/2018;3;51
421;Thalassarche chlororhynchos;-30,25206;-50,23147;20/12/2018;2;51
422;Thalassarche chlororhynchos;-30.305.819;-50.252.642;10/01/2019;4;2
423;Thalassarche chlororhynchos;-30,106879;-50,175292;24/01/2019;3;4
424;Thalassarche chlororhynchos ;-30,111436;-50,176893;24/01/2019;3;4
425;Thalassarche chlororhynchos;-29,85064;-50,059997;24/01/2019;3;4
426;Thalassarche chlororhynchos;-29,961298;-50,112438;24/01/2019;3;4
427;Thalassarche chlororhynchos;-29,366702;-49,743784;24/01/2019;4;4
428;Thalassarche chlororhynchos ;-29,788186;-50,026722;31/01/2019;4;5
429;Thalassarche chlororhynchos;-30.109.340;-50.176.098;08/02/2019;5;6
430;Thalassarche chlororhynchos;-30.131.178;-50.185.065;08/02/2019;4;6
431;Thalassarche chlororhynchos;-29.666.240;-49.959.454;14/02/2019;1;7
432;Thalassarche chlororhynchos;-29.941.446;-50.103.295;07/03/2019;4;10
433;Thalassarche chlororhynchos;-30.089.293;-50.167.833;15/03/2019;3;11
434;Thalassarche chlororhynchos;-30.088.121;-50.167.545;15/03/2019;4;11
435;Thalassarche chlororhynchos;-30.098.627;-50.172.159;15/03/2019;4;11
436;Thalassarche chlororhynchos;-30.105.023;-50.174.478;15/03/2019;4;11
437;Thalassarche chlororhynchos;-30.105.953;-50.174.603;15/03/2019;4;11
438;Thalassarche chlororhynchos;-30.123.929;-50.181.903;15/03/2019;1;11
439;Thalassarche chlororhynchos;-30.207.217;-50.213.970;15/03/2019;4;11
440;Thalassarche chlororhynchos;-30.392.503;-50.285.676;15/03/2019;4;11
441;Thalassarche chlororhynchos;-29.941.102;-50.103.291;21/03/2019;3;12
442;Thalassarche chlororhynchos;-29.922.987;-50.094.657;21/03/2019;4;12
443;Thalassarche chlororhynchos ;-29.697.674;-49.978.002;21/03/2019;4;12
444;Thalassarche chlororhynchos;-29.591.339;-49.912.814;21/03/2019;5;12
445;Thalassarche chlororhynchos;-29.576.339;-49.902.248;21/03/2019;5;12
446;Thalassarche chlororhynchos;-29.471.924;-49.826.600;21/03/2019;5;12
447;Thalassarche chlororhynchos;-30.272.382;-50.239.787;27/03/2019;4;13
448;Thalassarche chlororhynchos;-30.381.481;-50.282.360;27/03/2019;4;13
449;Thalassarche chlororhynchos;-30.383.954;-50.282.933;27/03/2019;4;13
450;Thalassarche chlororhynchos;-29.698.904;-49.978.316;04/04/2019;3;14
451;Thalassarche chlororhynchos;-29.647.900;-49.948.572;04/04/2019;4;14
452;Thalassarche chlororhynchos;-29.982.027;-50.121.404;11/04/2019;3;15
453;Thalassarche chlororhynchos;-30.039.485;-50.146.995;11/04/2019;4;15
454;Thalassarche chlororhynchos;-30.080.850;-50.164.685;11/04/2019;2;15
455;Thalassarche chlororhynchos;-30.142.484;-50.189.056;11/04/2019;NA;15
456;Thalassarche chlororhynchos;-30.339.172;-50.266.032;11/04/2019;4;15
457;Thalassarche chlororhynchos;-29.888.884;-50.078.549;18/04/2019;4;16
458;Thalassarche chlororhynchos;-29.860.260;-50.064.753;18/04/2019;4;16
459;Thalassarche chlororhynchos;-29.654.074;-49.952.532;18/04/2019;3;16
460;Thalassarche chlororhynchos;-29.493.126;-49.842.304;18/04/2019;4;16
461;Thalassarche chlororhynchos;-29.444.517;-49.805.302;18/04/2019;5;16
462;Thalassarche chlororhynchos;-29.391.394;-49.763.349;18/04/2019;4;16
463;Thalassarche chlororhynchos;-30.083.944;-50.166.138;24/04/2019;4;17
464;Thalassarche chlororhynchos;-30.100.792;-50.173.013;24/04/2019;4;17
465;Thalassarche chlororhynchos;-30.151.038;-50.192.373;24/04/2019;4;17
466;Thalassarche chlororhynchos;-30.166.448;-50.198.448;24/04/2019;4;17
467;Thalassarche chlororhynchos;-30.197.119;-50.210.508;24/04/2019;5;17
468;Thalassarche chlororhynchos;-30.237.283;-50.225.676;24/04/2019;4;17
469;Thalassarche chlororhynchos;-30.299.420;-50.250.701;24/04/2019;4;17
470;Thalassarche chlororhynchos;-30.019.287;-50.137.780;16/05/2019;4;20
471;Thalassarche chlororhynchos;-30.044.924;-50.149.161;16/05/2019;2;20
472;Thalassarche chlororhynchos;-30.094.959;-50.170.666;16/05/2019;4;20
473;Thalassarche chlororhynchos;-30.097.251;-50.171.213;16/05/2019;4;20
474;Thalassarche chlororhynchos;-30.139.891;-50.187.927;16/05/2019;3;20
475;Thalassarche chlororhynchos;-30.170.049;-50.199.537;16/05/2019;4;20
476;Thalassarche chlororhynchos;-30.178.424;-50.202.638;16/05/2019;3;20
477;Thalassarche chlororhynchos;-30.179.832;-50.203.128;16/05/2019;3;20
478;Thalassarche chlororhynchos;-30.230.865;-50.222.723;16/05/2019;4;20
479;Thalassarche chlororhynchos;-30.252.602;-50.231.469;16/05/2019;4;20
480;Thalassarche chlororhynchos;-30.259.133;-50.234.109;16/05/2019;2;20
481;Thalassarche chlororhynchos;-30.322.137;-50.259.261;16/05/2019;4;20
482;Thalassarche chlororhynchos;-30.360.797;-50.274.265;16/05/2019;3;20
483;Thalassarche chlororhynchos;-29.954.863;-50.109.495;07/06/2019;4;23
484;Thalassarche chlororhynchos;-29.949.282;-50.107.094;07/06/2019;5;23
485;Thalassarche chlororhynchos;-29.941.728;-50.103.481;07/06/2019;4;23
486;Thalassarche chlororhynchos;-29.891.449;-50.079.686;07/06/2019;4;23
487;Thalassarche chlororhynchos;-29.793.004;-50.029.335;07/06/2019;5;23
488;Thalassarche chlororhynchos;-29.784.434;-50.024.281;07/06/2019;4;23
489;Thalassarche chlororhynchos;-29.722.887;-49.991.742;07/06/2019;4;23
490;Thalassarche chlororhynchos;-29.667.444;-49.960.000;07/06/2019;4;23
491;Thalassarche chlororhynchos;-29.667.454;-49.960.071;07/06/2019;4;23
492;Thalassarche chlororhynchos;-29.647.365;-49.948.115;07/06/2019;4;23
493;Thalassarche chlororhynchos;-29.981.001;-50.120.857;12/06/2019;4;24
494;Thalassarche chlororhynchos;-29.989.430;-50.124.887;12/06/2019;3;24
495;Thalassarche chlororhynchos;-29.989.739;-50.124.942;12/06/2019;4;24
496;Thalassarche chlororhynchos;-29.990.232;-50.125.122;12/06/2019;3;24
497;Thalassarche chlororhynchos;-30.043.876;-50.148.892;12/06/2019;4;24
498;Thalassarche chlororhynchos;-30.044.270;-50.149.010;12/06/2019;4;24
499;Thalassarche chlororhynchos;-30.047.865;-50.150.504;12/06/2019;4;24
500;Thalassarche chlororhynchos;-30.051.020;-50.151.870;12/06/2019;4;24
501;Thalassarche chlororhynchos;-30.070.334;-50.160.071;12/06/2019;4;24
502;Thalassarche chlororhynchos;-30.077.434;-50,163199;12/06/2019;4;24
503;Thalassarche chlororhynchos;-29.613.049;-49.926.920;13/06/2019;5;24
504;Thalassarche chlororhynchos;-29.596.419;-49.915.863;13/06/2019;5;24
505;Thalassarche chlororhynchos;-29.566.767;-49.895.358;13/06/2019;5;24
506;Thalassarche chlororhynchos;-29.444.024;-49.804.471;13/06/2019;5;24
507;Thalassarche chlororhynchos;-30.114.812;-50.178.319;18/06/2019;4;25
508;Thalassarche chlororhynchos;-30.122.283;-50.181.294;18/06/2019;4;25
509;Thalassarche chlororhynchos;-30.125.697;-50.182.638;18/06/2019;4;25
510;Thalassarche chlororhynchos;-30.187.411;-50.206.246;18/06/2019;4;25
511;Thalassarche chlororhynchos;-30.200.332;-50.211.253;18/06/2019;4;25
512;Thalassarche chlororhynchos;-30.236.049;-50.225.037;18/06/2019;4;25
513;Thalassarche chlororhynchos;-30.285.493;-50.244.663;18/06/2019;4;25
514;Thalassarche chlororhynchos;-30.285.546;-50.244.826;18/06/2019;4;25
515;Thalassarche chlororhynchos;-30.295.026;-50.248.348;18/06/2019;4;25
516;Thalassarche chlororhynchos;-30.307.552;-50.253.677;18/06/2019;4;25
517;Thalassarche chlororhynchos;-30.314.473;-50.256.369;18/06/2019;4;25
518;Thalassarche chlororhynchos;-30.347.789;-50.269.771;18/06/2019;5;25
519;Thalassarche chlororhynchos;-30.379.590;-50.281.127;18/06/2019;4;25
520;Thalassarche chlororhynchos;-29.914.563;-50.090.689;27/06/2019;5;26
521;Thalassarche chlororhynchos;-29.910.002;-50.088.558;27/06/2019;5;26
522;Thalassarche chlororhynchos;-29.810.683;-50.038.859;31/07/2019;5;31
523;Thalassarche chlororhynchos;-30.070.476;-50.160.076;10/10/2019;4;41
524;Thalassarche chlororhynchos;NA;NA;24/10/2019;4;43
525;Thalassarche chlororhynchos;NA;NA;24/10/2019;4;43
526;Thalassarche chlororhynchos;NA;NA;24/10/2019;4;43
527;Thalassarche chlororhynchos;NA;NA;24/10/2019;4;43
528;Thalassarche chlororhynchos;NA;NA;24/10/2019;4;43
529;Thalassarche chlororhynchos;-30.050.162;-50.151.741;01/11/2019;5;44
530;Thalassarche chlororhynchos;-30.078.126;-50.163.675;01/11/2019;5;44
531;Thalassarche chlororhynchos;-30.188.308;-50.206.373;01/11/2019;4;44
532;Thalassarche chlororhynchos;-30.008.425;-50.132.958;20/11/2019;4;47
533;Thalassarche chlororhynchos;-30.033.553;-50.144.469;20/11/2019;4;47
534;Thalassarche chlororhynchos;-30.046.525;-50.149.986;20/11/2019;4;47
535;Thalassarche chlororhynchos;-30.137.676;-50.187.422;20/11/2019;4;47
536;Thalassarche chlororhynchos;-30.362.862;-50.275.350;20/11/2019;4;47
537;Thalassarche chlororhynchos;-30.387.399;-50.283.919;20/11/2019;4;47
538;Thalassarche chlororhynchos;-30.398.603;-50.288.034;20/11/2019;4;47
539;Thalassarche chlororhynchos;-29.946.316;-50.105.715;11/12/2019;3;50
540;Thalassarche chlororhynchos;-29.697.276;-49.977.421;11/12/2019;3;50
541;Thalassarche chlororhynchos;-29.612.494;-49.926.422;11/12/2019;4;50
542;Thalassarche chlororhynchos;-29.999.103;-50.128.753;19/12/2019;3;51
543;Thalassarche chlororhynchos;-30.235.175;-50.224.569;19/12/2019;4;51
544;Thalassarche chlororhynchos;-30.268.543;-50.237.871;19/12/2019;4;51
545;Thalassarche chlororhynchos;-30.352.147;-50.271.179;19/12/2019;4;51
546;Thalassarche chlororhynchos;-30.099.624;-50,172203;15/01/2020;4;3
547;Thalassarche chlororhynchos;-30.108.895;-50,175864;15/01/2020;3;3
548;Thalassarche chlororhynchos;-30.108.924;-50,175837;15/01/2020;4;3
549;Thalassarche chlororhynchos;-30.095.490;-50,170781;28/01/2020;4;5
550;Thalassarche chlororhynchos;-29,901398;-50,084595;25/10/2022;4;44
551;Thalassarche chlororhynchos;-29,786716;-50,025764;25/10/2022;4;44
552;Thalassarche chlororhynchos;-29,693211;-49,975346;25/10/2022;4;44
553;Thalassarche chlororhynchos;-30,052537;-50,15277;04/11/2022;4;45
554;Thalassarche chlororhynchos;-30,249594;-50,230621;04/11/2022;5;45
555;Thalassarche chlororhynchos;-29,693212;-49,975334;11/11/2022;5;46
556;Thalassarche chlororhynchos;-30,052532;-50,152771;16/11/2022;5;47
557;Thalassarche chlororhynchos;-30,238913;-50,225926;06/12/2022;4;50
558;Thalassarche chlororhynchos;-30,317641;-50,257492;05/01/2023;4;2
559;Thalassarche chlororhynchos;-30,313601;-50,255749;24/01/2023;4;5
560;Thalassarche chlororhynchos;-30,395613;-50,286762;24/01/2023;4;5
561;Thalassarche chlororhynchos;-30.317.401;-50.257.207;23/02/2023;3;9
562;Thalassarche chlororhynchos;-30,299769;-50,2506;11/07/2023;4;29
563;Thalassarche chlororhynchos;-30,36396;-50,27558;11/07/2023;4;29
564;Thalassarche chlororhynchos;-29,61767;-49,930233;18/07/2023;3;30
565;Thalassarche chlororhynchos;-29,97389;-50,117577;12/09/2023;4;38
566;Thalassarche chlororhynchos;-30,134375;-50,186382;28/09/2023;4;40
567;Thalassarche chlororhynchos;-30,271221;-50,239203;28/09/2023;4;40
568;Thalassarche chlororhynchos;-30,041662;-50,147825;01/11/2023;4;45
569;Thalassarche chlororhynchos;-30,059566;-50,155611;01/11/2023;4;45
570;Thalassarche chlororhynchos;-30,11241;-50,17757;01/11/2023;4;45
571;Thalassarche chlororhynchos;-30,31015;-50,25451;01/11/2023;3;45
572;Thalassarche chlororhynchos;-30,061664;-50,15639;30/11/2023;4;49
573;Thalassarche chlororhynchos;-30,355753;-50,272404;30/11/2023;4;49
574;Thalassarche chlororhynchos;-30,379314;-50,281207;30/11/2023;4;49
575;Thalassarche chlororhynchos;-30,048563;-50,15087;12/12/2023;4;51
576;Thalassarche chlororhynchos;-30,143128;-50,188994;12/12/2023;3;51
577;Thalassarche chlororhynchos;-29,812497;-50,039966;19/12/2023;4;52
